1037,Pantitlán,STC0101,Terminal / Transbordo,Venustiano Carranza,1984.0,CDMX,-99.0742859007063,19.4153411939961,1,1,5014,STC Metro,t,
1038,Zaragoza,STC0102,Intermedia,Venustiano Carranza,1969.0,CDMX,-99.0825467969711,19.4121526940305,1,2,5020,STC Metro,t,
1039,Gomez Farías,STC0103,Intermedia,Venustiano Carranza,1969.0,CDMX,-99.0900784397441,19.4166353160295,1,3,5007,STC Metro,t,
1040,Boulevard Puerto Aéreo,STC0104,Intermedia,Venustiano Carranza,1969.0,CDMX,-99.0962797070309,19.4199845534132,1,4,5003,STC Metro,t,
1041,Balbuena,STC0105,Intermedia,Venustiano Carranza,1969.0,CDMX,-99.1026419066529,19.4233741946482,1,5,5001,STC Metro,t,
1042,Moctezuma,STC0106,Intermedia,Venustiano Carranza,1969.0,CDMX,-99.1098409556709,19.4269357713719,1,6,5012,STC Metro,t,
1043,San Lázaro,STC0107,Transbordo,Venustiano Carranza,1969.0,CDMX,-99.1141968631142,19.4313168083262,1,7,5017,STC Metro,t,
1044,Candelaria,STC0108,Transbordo,Venustiano Carranza,1969.0,CDMX,-99.120913114534,19.4292932493898,1,8,5004,STC Metro,t,
1045,Merced,STC0109,Intermedia,Venustiano Carranza,1969.0,CDMX,-99.1251831913525,19.425559716937,1,9,5011,STC Metro,t,
1046,Pino Suárez,STC0110,Transbordo,Cuauhtémoc,1969.0,CDMX,-99.1330688858292,19.4260352664792,1,10,5015,STC Metro,t,
1047,Isabel La Católica,STC0111,Intermedia,Cuauhtémoc,1969.0,CDMX,-99.1378646754492,19.4264399884029,1,11,5009,STC Metro,t,
1048,Salto del Agua,STC0112,Transbordo,Cuauhtémoc,1969.0,CDMX,-99.1421240234201,19.4272797831817,1,12,5016,STC Metro,t,
1049,Balderas,STC0113,Transbordo,Cuauhtémoc,1969.0,CDMX,-99.1489690208955,19.4272291932659,1,13,5002,STC Metro,t,
1050,Cuauhtémoc,STC0114,Intermedia,Cuauhtémoc,1969.0,CDMX,-99.1544836425289,19.4256912520391,1,14,5006,STC Metro,t,
1051,Insurgentes,STC0115,Intermedia,Cuauhtémoc,1969.0,CDMX,-99.1632608872129,19.4237229457214,1,15,5008,STC Metro,t,
1052,Sevilla,STC0116,Intermedia,Cuauhtémoc,1969.0,CDMX,-99.171189496944,19.4215373987659,1,16,5018,STC Metro,t,
1053,Chapultepec,STC0117,Intermedia,Cuauhtémoc / Miguel Hidalgo,1969.0,CDMX,-99.1769401531288,19.4205862719081,1,17,5005,STC Metro,t,
1054,Juanacatlán,STC0118,Intermedia,Miguel Hidalgo,1970.0,CDMX,-99.1820256214357,19.4128961059459,1,18,5010,STC Metro,t,
1055,Tacubaya,STC0119,Transbordo,Miguel Hidalgo,1970.0,CDMX,-99.187347124209,19.4019167516416,1,19,5019,STC Metro,t,
1056,Observatorio,STC0120,Terminal,Álvaro Obregón,1972.0,CDMX,-99.2005221347135,19.3983546268065,1,20,5013,STC Metro,t,
1057,Cuatro Caminos,STC0201,Terminal,Naucalpan de Juárez,1984.0,EDOMEX,-99.2158570433054,19.4597898235646,2,1,5045,STC Metro,t,
1058,Panteones,STC0202,Intermedia,Miguel Hidalgo,1984.0,CDMX,-99.2030789998089,19.4586669484272,2,2,5052,STC Metro,t,
1059,Tacuba,STC0203,Transbordo,Miguel Hidalgo,1970.0,CDMX,-99.1875561125858,19.4592615683741,2,3,5059,STC Metro,t,
1060,Cuitláhuac,STC0204,Intermedia,Miguel Hidalgo,1970.0,CDMX,-99.1815172993071,19.4572233233196,2,4,5046,STC Metro,t,
1061,Popotla,STC0205,Intermedia,Miguel Hidalgo,1970.0,CDMX,-99.1752730288877,19.4528816760626,2,5,5054,STC Metro,t,
1062,Colegio Militar,STC0206,Intermedia,Miguel Hidalgo,1970.0,CDMX,-99.1718934456121,19.449421834561,2,6,5044,STC Metro,t,
1063,Normal,STC0207,Intermedia,Miguel Hidalgo,1970.0,CDMX,-99.1673897246518,19.4446684167887,2,7,5051,STC Metro,t,
1064,San Cosme,STC0208,Intermedia,Cuauhtémoc,1970.0,CDMX,-99.1673575381469,19.4446481829881,2,8,5058,STC Metro,t,
1065,Revolución,STC0209,Intermedia,Cuauhtémoc,1970.0,CDMX,-99.1541475568572,19.4394506642292,2,9,5056,STC Metro,t,
1066,Hidalgo,STC0210,Transbordo,Cuauhtémoc,1970.0,CDMX,-99.1471094406208,19.4376194361593,2,10,5049,STC Metro,t,
1067,Bellas Artes,STC0211,Transbordo,Cuauhtémoc,1970.0,CDMX,-99.141615912323,19.4363926028747,2,11,5042,STC Metro,t,
1068,Allende,STC0212,Intermedia,Cuauhtémoc,1970.0,CDMX,-99.1368356258566,19.435606436822,2,12,5041,STC Metro,t,
1069,Zócalo/Tenochtitlan,STC0213,Intermedia,Cuauhtémoc,1970.0,CDMX,-99.1322070873963,19.4326820995494,2,13,5064,STC Metro,t,
1070,Pino Suárez,STC0214,Transbordo,Cuauhtémoc,1970.0,CDMX,-99.133033207925,19.4261054960384,2,14,5053,STC Metro,t,
1071,San Antonio Abad,STC0215,Intermedia,Cuauhtémoc,1970.0,CDMX,-99.1345245159535,19.4159668871162,2,15,5057,STC Metro,t,
1072,Chabacano,STC0216,Transbordo,Cuauhtémoc,1970.0,CDMX,-99.1356403148709,19.409308654217,2,16,5043,STC Metro,t,
1073,Viaducto,STC0217,Intermedia,Benito Juárez / Iztacalco,1970.0,CDMX,-99.1365277828405,19.4011381125717,2,17,5061,STC Metro,t,
1074,Xola,STC0218,Intermedia,Benito Juárez,1970.0,CDMX,-99.1378688872452,19.3952180328096,2,18,5063,STC Metro,t,
1075,Villa de Cortés,STC0219,Intermedia,Benito Juárez,1970.0,CDMX,-99.1389557238403,19.3876024724365,2,19,5062,STC Metro,t,
1076,Nativitas,STC0220,Intermedia,Benito Juárez,1970.0,CDMX,-99.1403498073416,19.3794861882326,2,20,5050,STC Metro,t,
1077,Portales,STC0221,Intermedia,Benito Juárez,1970.0,CDMX,-99.1415728947071,19.3698305094717,2,21,5055,STC Metro,t,
1078,Ermita,STC0222,Transbordo,Benito Juárez,1970.0,CDMX,-99.1430860641609,19.3610832155989,2,22,5047,STC Metro,t,
1079,General Anaya,STC0223,Intermedia,Coyoacán,1970.0,CDMX,-99.1451989335786,19.3534184951085,2,23,5048,STC Metro,t,
1080,Tasqueña,STC0224,Terminal,Coyoacán,1970.0,CDMX,-99.1395369122942,19.3439114980384,2,24,5060,STC Metro,t,
1081,Indios Verdes,STC0301,Terminal,Gustavo A. Madero,1979.0,CDMX,-99.1196582467316,19.4951125193423,3,1,5076,STC Metro,t,
1082,Deportivo 18 de Marzo,STC0302,Transbordo,Gustavo A. Madero,1979.0,CDMX,-99.1256606810404,19.4854542641806,3,2,5069,STC Metro,t,
1083,Potrero,STC0303,Intermedia,Gustavo A. Madero,1979.0,CDMX,-99.1319410900206,19.4771728032666,3,3,5082,STC Metro,t,
1084,La Raza,STC0304,Transbordo,Gustavo A. Madero,1978.0,CDMX,-99.1366000864507,19.469858450651,3,4,5078,STC Metro,t,
1085,Tlatelolco,STC0305,Intermedia,Cuauhtémoc,1970.0,CDMX,-99.1431612331876,19.4551667223117,3,5,5083,STC Metro,t,
1086,Guerrero,STC0306,Transbordo,Cuauhtémoc,1970.0,CDMX,-99.1452533561666,19.4448984084123,3,6,5073,STC Metro,t,
1087,Hidalgo,STC0307,Transbordo,Cuauhtémoc,1970.0,CDMX,-99.1471416313272,19.4375938526563,3,7,5074,STC Metro,t,
1088,Juárez,STC0308,Intermedia,Cuauhtémoc,1970.0,CDMX,-99.1477209884462,19.4333445139955,3,8,5077,STC Metro,t,
1089,Balderas,STC0309,Transbordo,Cuauhtémoc,1970.0,CDMX,-99.1489548046239,19.4272940730929,3,9,5065,STC Metro,t,
1090,Niños Héroes/Poder Judicial CDMX,STC0310,Intermedia,Cuauhtémoc,1970.0,CDMX,-99.150403197459,19.4196042244371,3,10,5080,STC Metro,t,
1091,Hospital General,STC0311,Intermedia,Cuauhtémoc,1970.0,CDMX,-99.1532570679312,19.4137455297227,3,11,5075,STC Metro,t,
1092,Centro Médico,STC0312,Transbordo,Cuauhtémoc,1980.0,CDMX,-99.1552119788998,19.4065228778557,3,12,5066,STC Metro,t,
1093,Etiopía/Plaza de la Transparencia,STC0313,Intermedia,Benito Juárez,1980.0,CDMX,-99.1560844116594,19.3960860936835,3,13,5081,STC Metro,t,
1094,Eugenia,STC0314,Intermedia,Benito Juárez,1980.0,CDMX,-99.1571950872638,19.3862943808055,3,14,5072,STC Metro,t,
1095,División del Norte,STC0315,Intermedia,Benito Juárez,1980.0,CDMX,-99.1595439182581,19.3791882665802,3,15,5071,STC Metro,t,
1096,Zapata,STC0316,Transbordo,Benito Juárez,1980.0,CDMX,-99.1650210014718,19.3706611087911,3,16,5085,STC Metro,t,
1097,Coyoacán,STC0317,Intermedia,Benito Juárez,1983.0,CDMX,-99.170793171446,19.3613752881753,3,17,5068,STC Metro,t,
1098,Viveros/Derechos Humanos,STC0318,Intermedia,Álvaro Obregón / Coyoacán,1983.0,CDMX,-99.1753636556376,19.3540669817023,3,18,5070,STC Metro,t,
1099,Miguel Ángel de Quevedo,STC0319,Intermedia,Coyoacán,1983.0,CDMX,-99.1809612704389,19.3459680333546,3,19,5079,STC Metro,t,
1100,Copilco,STC0320,Intermedia,Coyoacán,1983.0,CDMX,-99.1770617078103,19.3363109471997,3,20,5067,STC Metro,t,
1101,Universidad,STC0321,Terminal,Coyoacán,1983.0,CDMX,-99.1739074300729,19.3244051170463,3,21,5084,STC Metro,t,
1102,Santa Anita,STC0401,Terminal / Transbordo,Iztacalco,1982.0,CDMX,-99.1206679276503,19.4040706301036,4,1,5094,STC Metro,t,
1103,Jamaica,STC0402,Transbordo,Venustiano Carranza,1982.0,CDMX,-99.121734264669,19.4109197881872,4,2,5091,STC Metro,t,
1104,Fray Servando,STC0403,Intermedia,Venustiano Carranza,1982.0,CDMX,-99.1206000071953,19.4215581705628,4,3,5090,STC Metro,t,
1105,Candelaria,STC0404,Transbordo,Venustiano Carranza,1981.0,CDMX,-99.1209314602683,19.4293983320263,4,4,5088,STC Metro,t,
1106,Morelos,STC0405,Transbordo,Venustiano Carranza,1981.0,CDMX,-99.1181070872127,19.4398117399482,4,5,5093,STC Metro,t,
1107,Canal del Norte,STC0406,Intermedia,Venustiano Carranza,1981.0,CDMX,-99.1158540317122,19.4488056838107,4,6,5087,STC Metro,t,
1108,Consulado,STC0407,Transbordo,Gustavo A. Madero,1981.0,CDMX,-99.1139550276873,19.4580115667824,4,7,5089,STC Metro,t,
1109,Bondojito,STC0408,Intermedia,Gustavo A. Madero,1981.0,CDMX,-99.1118629046056,19.4649004627173,4,8,5086,STC Metro,t,
1110,Talismán,STC0409,Intermedia,Gustavo A. Madero,1981.0,CDMX,-99.1079790660266,19.4743684233609,4,9,5095,STC Metro,t,
1111,Martín Carrera,STC0410,Terminal / Transbordo,Gustavo A. Madero,1981.0,CDMX,-99.1043527194882,19.4849686459281,4,10,5092,STC Metro,t,
1112,Tlanepantla,STC0501,Terminal / Transbordo,Tlanepantla de Baz,2040.0,EDOMEX,-99.1839269965122,19.5365613292565,5,1,5100,STC Metro,t,
1113,Ceylán,STC0502,Intermedia,Tlanepantla de Baz,2040.0,EDOMEX,-99.1783670589012,19.5302588531287,5,2,5101,STC Metro,t,
1114,Tenayuca,STC0503,Intermedia,Tlanepantla de Baz,2040.0,EDOMEX,-99.1699818852846,19.528993302592,5,3,5102,STC Metro,t,
1115,Santa Rosa,STC0504,Intermedia,Tlanepantla de Baz,2040.0,EDOMEX,-99.1650751597735,19.5282388209034,5,4,5103,STC Metro,t,
1116,Progreso,STC0505,Intermedia,Gustavo A. Madero,2040.0,CDMX,-99.1589141974574,19.5259914264473,5,5,5104,STC Metro,t,
1117,Fábricas,STC0506,Intermedia,Gustavo A. Madero,2040.0,CDMX,-99.154068179484,19.5146094622948,5,6,5105,STC Anillar,t,
1118,Politécnico,STC0507,Terminal/Intermedia,Gustavo A. Madero,1982.0,CDMX,-99.1492032738994,19.5009822702074,5,7,5106,STC Metro,t,
1119,Instituto del Petróleo,STC0508,Transbordo,Gustavo A. Madero,1982.0,CDMX,-99.1447722643977,19.4893818022488,5,8,5101,STC Metro,t,
1120,Autobuses del Norte,STC0509,Intermedia,Gustavo A. Madero,1982.0,CDMX,-99.1406760972061,19.4790890761318,5,9,5097,STC Metro,t,
1121,La Raza,STC0510,Transbordo,Gustavo A. Madero,1982.0,CDMX,-99.1364295408448,19.4697087752197,5,10,5102,STC Metro,t,
1122,Misterios,STC0511,Intermedia,Gustavo A. Madero / Cuauhtémoc,1982.0,CDMX,-99.1304197700515,19.4632523178595,5,11,5103,STC Metro,t,
1123,Valle Gómez,STC0512,Intermedia,Gustavo A. Madero / Venustiano Carranza,1982.0,CDMX,-99.1194515607469,19.4588820674702,5,12,5108,STC Metro,t,
1124,Consulado,STC0513,Transbordo,Gustavo A. Madero / Venustiano Carranza,1981.0,CDMX,-99.1139260114161,19.4580955942354,5,13,5098,STC Metro,t,
1125,Eduardo Molina,STC0514,Intermedia,Gustavo A. Madero / Venustiano Carranza,1981.0,CDMX,-99.1053124726923,19.4514969971716,5,14,5099,STC Metro,t,
1126,Aragón,STC0515,Intermedia,Gustavo A. Madero / Venustiano Carranza,1981.0,CDMX,-99.0960320295883,19.4514565312433,5,15,5096,STC Metro,t,
1127,Oceanía,STC0516,Transbordo,Venustiano Carranza,1981.0,CDMX,-99.086891061182,19.4451234932664,5,16,5104,STC Metro,t,
1128,Terminal Aérea,STC0517,Intermedia,Venustiano Carranza,1981.0,CDMX,-99.0880497754406,19.4340754936451,5,17,5107,STC Metro,t,
1129,Hangares,STC0518,Intermedia,Venustiano Carranza,1981.0,CDMX,-99.088350182888,19.4243825818986,5,18,5100,STC Metro,t,
1130,Pantitlán,STC0519,Terminal / Transbordo,Venustiano Carranza,1981.0,CDMX,-99.0742524923644,19.4149825358675,5,19,5105,STC Metro,t,
1131,El Rosario,STC0601,Terminal / Transbordo,Azcapotzalco,1983.0,CDMX,-99.2001296898844,19.5047967527476,6,1,5112,STC Metro,t,
1132,Tezozómoc,STC0602,Intermedia,Azcapotzalco,1983.0,CDMX,-99.1961442171395,19.4950681881798,6,2,5118,STC Metro,t,
1133,UAM Azcapotzalco,STC0603,Intermedia,Azcapotzalco,1983.0,CDMX,-99.1864159949467,19.4908336027886,6,3,5110,STC Metro,t,
1134,Ferrería/Arena Ciudad de México,STC0604,Intermedia,Azcapotzalco,1983.0,CDMX,-99.1741714610489,19.4909228323321,6,4,5109,STC Metro,t,
1135,Norte 45,STC0605,Intermedia,Azcapotzalco,1983.0,CDMX,-99.1630755216915,19.4887666332097,6,5,5117,STC Metro,t,
1136,Vallejo,STC0606,Intermedia,Azcapotzalco,1983.0,CDMX,-99.1560588629391,19.4897375885317,6,6,5119,STC Metro,t,
1137,Instituto del Petróleo,STC0607,Transbordo,Gustavo A. Madero,1983.0,CDMX,-99.1447416935013,19.4894490118257,6,7,5113,STC Metro,t,
1138,Lindavista,STC0608,Intermedia,Gustavo A. Madero,1986.0,CDMX,-99.1348389779286,19.4880229167035,6,8,5115,STC Metro,t,
1139,Deportivo 18 de Marzo,STC0609,Transbordo,Gustavo A. Madero,1986.0,CDMX,-99.1254834328619,19.4850998881136,6,9,5111,STC Metro,t,
1140,La Villa/Basílica,STC0610,Intermedia,Gustavo A. Madero,1986.0,CDMX,-99.1184453164184,19.4817418801421,6,10,5114,STC Metro,t,
1141,Martín Carrera,STC0611,Terminal / Transbordo,Gustavo A. Madero,1986.0,CDMX,-99.1043583546495,19.4850189730923,6,11,5116,STC Metro,t,
1142,Constitución de la República,STC0612,Transbordo,Gustavo A. Madero,2040.0,CDMX,-99.0980130158054,19.4792958423357,6,12,5111,0,t,
1143,Casas Alemán,STC0613,Intermedia,Gustavo A. Madero,2040.0,CDMX,-99.0917359061451,19.4766720028807,6,13,5114,0,t,
1144,El Coyol,STC0614,Intermedia,Gustavo A. Madero,2040.0,CDMX,-99.088743771215,19.4704346343978,6,14,5116,0,t,
1145,Loreto Fabela,STC0615,Intermedia / Transbordo,Gustavo A. Madero,2040.0,CDMX,-99.080764931884,19.4675195498453,6,15,5111,0,t,
1146,Pueblo San Juan de Aragón,STC0616,Intermedia,Gustavo A. Madero,2040.0,CDMX,-99.072403648888,19.4662971137408,6,16,5114,0,t,
1147,Villa de Aragón,STC0617,Terminal / Transbordo,Gustavo A. Madero,2040.0,CDMX,-99.0614161251851,19.461610696896,6,17,5116,0,t,
1148,Bosques de América,STC0618,Intermedia,Nezahualcóyotl,2040.0,EDOMEX,-99.047216318215,19.4601109205918,6,18,5111,0,t,
1149,Peñòn Texcoco/Periférico,STC0619,Terminal / Transbordo,Nezahualcóyotl,2040.0,EDOMEX,-99.0383669563978,19.4571636126051,6,19,5114,0,t,
1150,El Rosario,STC0701,Terminal / Transbordo,Azcapotzalco,1988.0,CDMX,-99.2000224015272,19.5048169790382,7,1,5125,STC Metro,t,
1151,Aquiles Serdán,STC0702,Intermedia,Azcapotzalco,1988.0,CDMX,-99.1952680821565,19.4905948731122,7,2,5120,STC Metro,t,
1152,Camarones,STC0703,Intermedia,Azcapotzalco,1988.0,CDMX,-99.1896890873357,19.4790745788469,7,3,5123,STC Metro,t,
1153,Refinería,STC0704,Intermedia,Azcapotzalco,1988.0,CDMX,-99.1902040714343,19.4696878157945,7,4,5128,STC Metro,t,
1154,Tacuba,STC0705,Transbordo,Miguel Hidalgo,1984.0,CDMX,-99.1876585456384,19.4592284505397,7,5,5132,STC Metro,t,
1155,San Joaquín,STC0706,Intermedia,Miguel Hidalgo,1984.0,CDMX,-99.1918106051513,19.4450755603505,7,6,5130,STC Metro,t,
1156,Polanco,STC0707,Intermedia,Miguel Hidalgo,1984.0,CDMX,-99.1913418940499,19.433788756551,7,7,5127,STC Metro,t,
1157,Auditorio,STC0708,Intermedia,Miguel Hidalgo,1984.0,CDMX,-99.1918850717116,19.425069105629,7,8,5121,STC Metro,t,
1158,Constituyentes,STC0709,Intermedia,Miguel Hidalgo,1985.0,CDMX,-99.1913196850413,19.4116766567171,7,9,5124,STC Metro,t,
1159,Tacubaya,STC0710,Transbordo,Miguel Hidalgo,1985.0,CDMX,-99.1874358464127,19.4019520504727,7,10,5133,STC Metro,t,
1160,San Pedro de Los Pinos,STC0711,Intermedia,Benito Juárez,1985.0,CDMX,-99.1858050633207,19.3913464061921,7,11,5131,STC Metro,t,
1161,San Antonio,STC0712,Intermedia,Benito Juárez,1985.0,CDMX,-99.1866934181504,19.3849304050485,7,12,5129,STC Metro,t,
1162,Mixcoac,STC0713,Transbordo,Benito Juárez,1985.0,CDMX,-99.1878282054757,19.3761695673214,7,13,5126,STC Metro,t,
1163,Barranca del Muerto,STC0714,Terminal,Álvaro Obregón,1985.0,CDMX,-99.1892257896939,19.3614680962256,7,14,5122,STC Metro,t,
1164,Garibaldi/Lagunilla,STC0820,Terminal / Transbordo,Cuauhtémoc,1994.0,CDMX,-99.1386252880112,19.4440299416624,8,4,5144,STC Metro,t,
1165,Bellas Artes,STC0802,Transbordo,Cuauhtémoc,1994.0,CDMX,-99.1405672073203,19.4360272452249,8,5,5137,STC Metro,t,
1166,San Juan de Letrán,STC0803,Intermedia,Cuauhtémoc,1994.0,CDMX,-99.1414040565182,19.4316058643888,8,6,5150,STC Metro,t,
1167,Salto del Agua,STC0804,Transbordo,Cuauhtémoc,1994.0,CDMX,-99.1421658038707,19.427265307217,8,7,5149,STC Metro,t,
1168,Doctores,STC0805,Intermedia,Cuauhtémoc,1994.0,CDMX,-99.1432407150359,19.4215806579404,8,8,5142,STC Metro,t,
1169,Obrera,STC0806,Intermedia,Cuauhtémoc,1994.0,CDMX,-99.1440382560653,19.4131832958605,8,9,5148,STC Metro,t,
1170,Chabacano,STC0807,Transbordo,Cuauhtémoc,1994.0,CDMX,-99.1354685061104,19.410229491476,8,10,5139,STC Metro,t,
1171,La Viga,STC0808,Intermedia,Cuauhtémoc / Venustiano Carranza,1994.0,CDMX,-99.1262969142929,19.4067097366548,8,11,5147,STC Metro,t,
1172,Santa Anita,STC0809,Transbordo,Iztacalco,1994.0,CDMX,-99.1207386729004,19.4041024616914,8,12,5151,STC Metro,t,
1173,Coyuya,STC0810,Intermedia,Iztacalco,1994.0,CDMX,-99.1134724816772,19.3980962586063,8,13,5141,STC Metro,t,
1174,Iztacalco,STC0811,Intermedia,Iztacalco,1994.0,CDMX,-99.1122764896044,19.3886647809869,8,14,5145,STC Metro,t,
1175,Apatlaco,STC0812,Intermedia,Iztapalapa,1994.0,CDMX,-99.1094610379922,19.3788739513805,8,15,5135,STC Metro,t,
1176,Aculco,STC0813,Intermedia,Iztapalapa,1994.0,CDMX,-99.1075951274667,19.373155537432,8,16,5134,STC Metro,t,
1177,Escuadrón 201,STC0814,Intermedia,Iztapalapa,1994.0,CDMX,-99.1091944793349,19.3645495982557,8,17,5143,STC Metro,t,
1178,Atlalilco,STC0815,Transbordo,Iztapalapa,1994.0,CDMX,-99.101187847501,19.3561574386878,8,18,5136,STC Metro,t,
1179,Iztapalapa,STC0816,Intermedia,Iztapalapa,1994.0,CDMX,-99.0932470909244,19.3576550330917,8,19,5146,STC Metro,t,
1180,Cerro de la Estrella,STC0817,Intermedia,Iztapalapa,1994.0,CDMX,-99.0856847234615,19.3560250002369,8,20,5138,STC Metro,t,
1181,UAM-I,STC0818,Intermedia,Iztapalapa,1994.0,CDMX,-99.0749631423851,19.3509857671637,8,21,5152,STC Metro,t,
1182,Constitución de 1917,STC0819,Terminal,Iztapalapa,1994.0,CDMX,-99.0639848752201,19.3460302142921,8,22,5140,STC Metro,t,
1183,Pantitlán,STC0901,Terminal / Transbordo,Venustiano Carranza / Iztacalco,1987.0,CDMX,-99.0740643209682,19.4165730356563,9,1,5160,STC Metro,t,
1184,Puebla,STC0902,Intermedia,Venustiano Carranza / Iztacalco,1987.0,CDMX,-99.0825963147273,19.4072865245794,9,2,5162,STC Metro,t,
1185,Ciudad Deportiva,STC0903,Intermedia,Venustiano Carranza / Iztacalco,1987.0,CDMX,-99.0913253132371,19.4083483744006,9,3,5156,STC Metro,t,
1186,Velódromo,STC0904,Intermedia,Venustiano Carranza,1987.0,CDMX,-99.1032739083873,19.408477910064,9,4,5164,STC Metro,t,
1187,Mixhiuca,STC0905,Intermedia,Venustiano Carranza,1987.0,CDMX,-99.1132016410377,19.4083113641939,9,5,5159,STC Metro,t,
1188,Jamaica,STC0906,Transbordo,Venustiano Carranza,1987.0,CDMX,-99.1216574276342,19.4091803624274,9,6,5157,STC Metro,t,
1189,Chabacano,STC0907,Transbordo,Cuauhtémoc,1987.0,CDMX,-99.1357548124571,19.408134955847,9,7,5154,STC Metro,t,
1190,Lázaro Cárdenas,STC0908,Intermedia,Cuauhtémoc,1987.0,CDMX,-99.1446078999739,19.4072303352299,9,8,5158,STC Metro,t,
1191,Centro Médico,STC0909,Transbordo,Cuauhtémoc,1987.0,CDMX,-99.155374161044,19.4065951518246,9,9,5153,STC Metro,t,
1192,Chilpancingo,STC0910,Intermedia,Cuauhtémoc,1988.0,CDMX,-99.1686402505502,19.4059580978585,9,10,5155,STC Metro,t,
1193,Patriotismo,STC0911,Intermedia,Cuauhtémoc / Miguel Hidalgo,1988.0,CDMX,-99.1789275315095,19.4060724410427,9,11,5161,STC Metro,t,
1194,Tacubaya,STC0912,Terminal / Transbordo,Miguel Hidalgo,1988.0,CDMX,-99.1875695402014,19.401956035092,9,12,5163,STC Metro,t,
1195,Tláhuac,STC1201,Terminal,Tláhuac,2012.0,CDMX,-99.0140159985124,19.286335269562,12,1,5037,STC Metro,t,
1196,Tlaltenco,STC1202,Intermedia,Tláhuac,2012.0,CDMX,-99.0240378383297,19.2943629413199,12,2,5038,STC Metro,t,
1197,Zapotitlán,STC1203,Intermedia,Tláhuac,2012.0,CDMX,-99.0342975853966,19.2966645089286,12,3,5040,STC Metro,t,
1198,Nopalera,STC1204,Intermedia,Tláhuac,2012.0,CDMX,-99.0461331555625,19.300512857504,12,4,5031,STC Metro,t,
1199,Olivos,STC1205,Intermedia,Tláhuac,2012.0,CDMX,-99.0594851441496,19.3043100398869,12,5,5032,STC Metro,t,
1200,Tezonco,STC1206,Intermedia,Iztapalapa,2012.0,CDMX,-99.0652290120065,19.3063288023964,12,6,5036,STC Metro,t,
1201,Periferico Oriente,STC1207,Intermedia,Iztapalapa,2012.0,CDMX,-99.074748203795,19.3176795243224,12,7,5034,STC Metro,t,
1202,Calle 11,STC1208,Intermedia,Iztapalapa,2012.0,CDMX,-99.085973859863,19.3205510351843,12,8,5022,STC Metro,t,
1203,Lomas Estrella,STC1209,Intermedia,Iztapalapa,2012.0,CDMX,-99.0958014488387,19.322141985645,12,9,5028,STC Metro,t,
1204,San Andres Tomatlán,STC1210,Intermedia,Iztapalapa,2012.0,CDMX,-99.1046216071425,19.328234018533,12,10,5035,STC Metro,t,
1205,Culhuacán,STC1211,Intermedia,Iztapalapa,2012.0,CDMX,-99.1089597269873,19.3371388425345,12,11,5023,STC Metro,t,
1206,Atlalilco,STC1212,Transbordo,Iztapalapa,2012.0,CDMX,-99.1061019134688,19.3525804794927,12,12,5021,STC Metro,t,
1207,Mexicaltzingo,STC1213,Intermedia,Iztapalapa / Coyoacán,2012.0,CDMX,-99.1232282347774,19.3577790938026,12,13,5029,STC Metro,t,
1208,Ermita,STC1214,Transbordo,Benito Juárez,2012.0,CDMX,-99.1432329295833,19.3599709972403,12,14,5025,STC Metro,t,
1209,Eje Central,STC1215,Intermedia,Benito Juárez,2012.0,CDMX,-99.1513746141032,19.3612706074297,12,15,5024,STC Metro,t,
1210,Parque de los Venados,STC1216,Intermedia,Benito Juárez,2012.0,CDMX,-99.1586733464966,19.3706197367006,12,16,5033,STC Metro,t,
1211,Zapata,STC1217,Transbordo,Benito Juárez,2012.0,CDMX,-99.1650468874954,19.3707943004688,12,17,5039,STC Metro,t,
1212,Hospital 20 de Noviembre,STC1218,Intermedia,Benito Juárez,2012.0,CDMX,-99.171124585452,19.3718953055145,12,18,5026,STC Metro,t,
1213,Insurgentes Sur,STC1219,Intermedia,Benito Juárez,2012.0,CDMX,-99.1787522747317,19.373446964157,12,19,5027,STC Metro,t,
1214,Mixcoac,STC1220,Terminal / Transbordo,Benito Juárez,2012.0,CDMX,-99.187765267064,19.376148322466,12,20,5030,STC Metro,t,
1215,Valentín Campa,STC1221,Transbordo,Álvaro Obregón,2040.0,CDMX,-99.1999126538553,19.3818990411062,12,21,5031,STC Metro,t,
1216,Álvaro Obregón,STC1222,Transbordo,Álvaro Obregón,2040.0,CDMX,-99.1967781978604,19.3905719246764,12,22,5032,STC Metro,t,
1217,Observatorio,STC1223,Terminal / Transbordo,Álvaro Obregón,2040.0,CDMX,-99.2003668015255,19.3982307122054,12,23,5033,STC Metro,t,
1218,Pantitlán,STCLA01,Terminal / Transbordo,Iztacalco,1991.0,CDMX,-99.0743706406035,19.4151465778376,10,1,5171,STC Metro,t,
1219,Agrícola Oriental,STCLA02,Intermedia,Iztacalco,1991.0,CDMX,-99.0694725271555,19.4046293186097,10,2,5166,STC Metro,t,
1220,Canal de San Juan,STCLA03,Intermedia,Iztacalco,1991.0,CDMX,-99.0594678698527,19.3989526647414,10,3,5167,STC Metro,t,
1221,Tepalcates,STCLA04,Intermedia,Iztapalapa,1991.0,CDMX,-99.0462846495159,19.3912851814268,10,4,5174,STC Metro,t,
1222,Guelatao,STCLA05,Intermedia,Iztapalapa,1991.0,CDMX,-99.0357990018166,19.3854241245665,10,5,5168,STC Metro,t,
1223,Peñón Viejo,STCLA06,Intermedia,Iztapalapa,1991.0,CDMX,-99.0175632164011,19.3729784740315,10,6,5172,STC Metro,t,
1224,Acatitla,STCLA07,Intermedia,Iztapalapa,1991.0,CDMX,-99.005734793425,19.3646461127799,10,7,5165,STC Metro,t,
1225,Santa Marta,STCLA08,Intermedia,Iztapalapa,1991.0,CDMX,-98.9952090600376,19.3606641259078,10,8,5173,STC Metro,t,
1226,Los Reyes,STCLA09,Intermedia,La Paz,1991.0,EDOMEX,-98.9770273659554,19.3592850115235,10,9,5170,STC Metro,t,
1227,La Paz,STCLA10,Terminal,La Paz,1991.0,EDOMEX,-98.9604533941162,19.3506876302749,10,10,5169,STC Metro,t,
1228,Hipódromo las Américas / Periférico,STCLB01,Terminal / Transbordo,Nezahualcóyotl,2040.0,CDMX,-99.216389674011,19.4423772420843,11,1,0,STC Metro,t,
1229,Las Américas,STCLB02,Intermedia,Miguel Hidalgo,2040.0,CDMX,-99.2008691940938,19.4403386844142,11,2,0,STC Metro,t,
1230,San Joaquín,STCLB03,Intermedia,Miguel Hidalgo,2040.0,CDMX,-99.1918106051513,19.4450755603505,11,3,0,STC Metro,t,
1231,Anahuac,STCLB04,Intermedia,Miguel Hidalgo,2040.0,CDMX,-99.1813862321438,19.4470681886556,11,4,0,STC Metro,t,
1232,Colegio Militar,STCLB05,Intermedia / Transbordo,Miguel Hidalgo,2040.0,CDMX,-99.1718934456121,19.449421834561,11,5,5174,STC Metro,t,
1233,Santa María la Ribera,STCLB06,Intermedia,Cuauhtémoc,2040.0,CDMX,-99.1598549000942,19.4492794724643,11,6,5175,STC Metro,t,
1234,Buenavista,STCLB07,Terminal / Transbordo,Cuauhtémoc,1999.0,CDMX,-99.1524364355816,19.4464466482595,11,7,5176,STC Metro,t,
1235,Guerrero,STCLB08,Transbordo,Cuauhtémoc,1999.0,CDMX,-99.1452052001092,19.4447065512256,11,8,5181,STC Metro,t,
1236,Garibaldi/Lagunilla,STCLB09,Transbordo,Cuauhtémoc,1999.0,CDMX,-99.1386944720321,19.443733621495,11,9,5180,STC Metro,t,
1237,Lagunilla,STCLB10,Intermedia,Cuauhtémoc,1999.0,CDMX,-99.1318495921649,19.4433855838949,11,10,5183,STC Metro,t,
1238,Tepito,STCLB11,Intermedia,Cuauhtémoc,1999.0,CDMX,-99.1242360232956,19.442763719388,11,11,5194,STC Metro,t,
1239,Morelos,STCLB12,Transbordo,Venustiano Carranza,1999.0,CDMX,-99.1181405011343,19.4396524290958,11,12,5184,STC Metro,t,
1240,San Lázaro,STCLB13,Transbordo,Venustiano Carranza,1999.0,CDMX,-99.1137101504807,19.4319509244443,11,13,5193,STC Metro,t,
1241,Ricardo Flores Magón,STCLB14,Intermedia,Venustiano Carranza,1999.0,CDMX,-99.1037202978734,19.4365515172033,11,14,5190,STC Metro,t,
1242,Romero Rubio,STCLB15,Intermedia,Venustiano Carranza,1999.0,CDMX,-99.0942038099855,19.4408023136988,11,15,5192,STC Metro,t,
1243,Oceanía,STCLB16,Transbordo,Gustavo A. Madero / Venustiano Carranza,1999.0,CDMX,-99.0871506894875,19.4457416439017,11,16,5187,STC Metro,t,
1244,Deportivo Oceanía,STCLB17,Intermedia,Gustavo A. Madero,1999.0,CDMX,-99.0793326794687,19.4510041278426,11,17,5178,STC Metro,t,
1245,Bosque de Aragón,STCLB18,Intermedia,Gustavo A. Madero,1999.0,CDMX,-99.0692841964536,19.4580815295779,11,18,5175,STC Metro,t,
1246,Villa de Aragón,STCLB19,Intermedia,Gustavo A. Madero,1999.0,CDMX,-99.0612783380475,19.46164883798,11,19,5195,STC Metro,t,
1247,Nezahualcóyotl,STCLB20,Intermedia,Nezahualcóyotl,2000.0,EDOMEX,-99.0547299547357,19.4726213985066,11,20,5186,STC Metro,t,
1248,Impulsora,STCLB21,Intermedia,Nezahualcóyotl,2000.0,EDOMEX,-99.0490180218211,19.4855635136007,11,21,5182,STC Metro,t,
1249,Río de los Remedios,STCLB22,Intermedia,Nezahualcóyotl,2000.0,EDOMEX,-99.0466120920405,19.4910553485595,11,22,5191,STC Metro,t,
1250,Múzquiz,STCLB23,Intermedia,Ecatepec,2000.0,EDOMEX,-99.0421039409248,19.5013031462479,11,23,5185,STC Metro,t,
1251,Ecatepec,STC0224,Intermedia,Ecatepec,2000.0,EDOMEX,-99.0359709810097,19.5153957581337,11,24,5179,STC Metro,t,
1252,Olímpica,0,Intermedia,Ecatepec,2000.0,EDOMEX,-99.0333536075647,19.5212582142052,11,25,5188,STC Metro,t,
1253,Plaza Aragón,0,Intermedia,Ecatepec,2000.0,EDOMEX,-99.0301953746623,19.5284494459575,11,26,5189,STC Metro,t,
1254,Ciudad Azteca,0,Terminal,Ecatepec,2000.0,EDOMEX,-99.0277050176717,19.5347400634345,11,27,5177,STC Metro,t,
1255,Tasqueña,0,Terminal,Coyoacán,1970.0,CDMX,-99.1395369122942,19.3439114980384,81,1,5060,STC Metro,t,
1256,Santa Ana,0,0,0,0.0,CDMX,-99.1242105917976,19.3290426198504,81,2,0,STC Metro,t,
1257,Naval Militar,0,0,0,0.0,CDMX,-99.1250605381867,19.3220886052899,81,3,0,STC Metro,t,
1258,Canal de Miramontes,0,0,0,0.0,CDMX,-99.124233184663,19.3150434617252,81,4,0,STC Metro,t,
1259,Las Bombas,0,0,0,0.0,CDMX,-99.1237495380024,19.3114491252947,81,5,0,STC Metro,t,
1260,El Hueso,0,0,0,0.0,CDMX,-99.124507291044,19.3037068353353,81,7,0,STC Metro,t,
1261,Brujas,0,0,0,0.0,CDMX,-99.1251386177668,19.2966593567059,81,8,0,STC Metro,t,
1262,Acoxpa,0,0,0,0.0,CDMX,-99.1254752466218,19.2928512257533,81,9,0,STC Metro,t,
1263,Vaqueritos,0,0,0,0.0,CDMX,-99.1250640013607,19.2849959637533,81,10,0,STC Metro,t,
1264,Prepa 1,0,0,0,0.0,CDMX,-99.1198638408461,19.2739705463115,81,11,0,STC Metro,t,
1265,Guadalupe I Ramírez,0,0,0,0.0,CDMX,-99.1148700948125,19.2658564166822,81,12,0,STC Metro,t,
1266,Francisco Goitia,0,0,0,0.0,CDMX,-99.1124100722234,19.2610869533072,81,13,0,STC Metro,t,
1267,Deportivo Xochimilco,0,0,0,0.0,CDMX,-99.1085949315791,19.2563965229555,81,14,0,STC Metro,t,
1268,Madreselva,0,0,0,0.0,CDMX,-99.099382610638,19.2513569987565,81,15,0,STC Metro,t,
1269,Embarcadero Nativitas,0,0,0,0.0,CDMX,-99.0913102029583,19.2479530835943,81,16,0,STC Metro,t,
1270,Museo Arqueològico,0,0,0,0.0,CDMX,-99.0824565571666,19.2468761348494,81,17,0,STC Metro,t,
1271,Santa Cruz Acalpixca,0,0,0,0.0,CDMX,-99.075531136664,19.2465439766633,81,18,0,STC Metro,t,
1272,San Gregorio Atlapulco,0,0,0,0.0,CDMX,-99.0666740464759,19.25441845078,81,19,0,STC Metro,t,
1273,Av México,0,0,0,0.0,CDMX,-99.0618772161232,19.2532326530528,81,20,0,STC Metro,t,
1274,Acueducto ,0,0,0,0.0,CDMX,-99.0579191146638,19.2490386655632,81,21,0,STC Metro,t,
1275,Camino Real,0,0,0,0.0,CDMX,-99.0544832365794,19.2414793978068,81,22,0,STC Metro,t,
1276,Pozo 3,0,0,0,0.0,CDMX,-99.0542766879324,19.2359212476137,81,23,0,STC Metro,t,
1277,Momoxco,0,0,0,0.0,CDMX,-99.0502152913142,19.216687120564,81,24,0,STC Metro,t,
1278,San Pedro Atocpan,0,0,0,0.0,CDMX,-99.0465324210227,19.2061660355666,81,25,0,STC Metro,t,
1279,Santa Martha,0,0,0,0.0,0,-99.0344884854932,19.2011824628843,81,26,0,STC Metro,f,
1280,Distrito 7 Villa Alta,STC7020,Intermedia,Milpa Alta,2000.0,CDCapital,-99.02285646865,19.1928136746947,81,27,5178,STC Metro,f,
1281,Base Canal de Chalco,STCLB137,Intermedia,Iztapalapa,1967.0,CDCapital,-99.0868432246045,19.3058906418396,71,1,7101,STC Metro,f,
1282,Cuemanco,STCLB138,Intermedia,Xochimilco,1967.0,CDCapital,-99.0942407817674,19.2984866689764,71,2,7102,STC Anillar,f,
1283,Canal Nacional,STCLB139,Intermedia,Tlalpan,1967.0,CDCapital,-99.1022150696128,19.2951373900851,71,3,7103,STC Anillar,f,
1284,Muyuguarda/Cafetales,STCLB141,Transbordo,Tlalpan,1967.0,CDCapital,-99.1151871930735,19.2896182983505,71,4,7104,STC Anillar,f,
1285,Vaqueritos,STC7001,Transbordo,Tlalpan,1967.0,CDCapital,-99.1263201882756,19.2848434038385,71,5,7105,STC Anillar,f,
1286,Coapa,STCLB22,Intermedia,Tlalpan,1967.0,CDCapital,-99.1315359290786,19.2837426599594,71,6,7106,STC Anillar,f,
1287,Tepepan,STCLB24,Intermedia,Tlalpan,1967.0,CDCapital,-99.1413095240045,19.2826902381638,71,7,7107,STC Anillar,f,
1288,ESCA,STCLB26,Intermedia,Tlalpan,1967.0,CDCapital,-99.1471534331923,19.2855171865218,71,8,7108,STC Anillar,f,
1289,Zona de Hospitales,STCLB27,Intermedia,Tlalpan,1967.0,CDCapital,-99.1520826881746,19.2904007344833,71,9,7109,STC Anillar,f,
1290,Huipulco,STCLB28,Intermedia,Tlalpan,1967.0,CDCapital,-99.154638074917,19.2947326036117,71,10,7110,STC Anillar,f,
1291,Imán/Circuito Azteca,STCLB31,Intermedia,Coyoacán,1967.0,CDCapital,-99.1605958187857,19.3010375800792,71,11,7111,STC Anillar,f,
1292,Gran Sur,STCLB33,Intermedia,Coyoacán,1967.0,CDCapital,-99.165564430135,19.3021048026286,71,12,7112,STC Anillar,f,
1293,Santa Ursula,STCLB34,Intermedia,Coyoacán,1967.0,CDCapital,-99.1728062297974,19.3030265199362,71,13,7113,STC Anillar,f,
1294,Cuicuilco,STCLB36,Intermedia,Tlalpan,1967.0,CDCapital,-99.1814065330579,19.3031746140771,71,14,7114,STC Anillar,f,
1295,Periférico Sur,STCLB37,Transbordo,Coyoacán,1967.0,CDCapital,-99.1858597527883,19.3031599255714,71,15,7115,STC Anillar,f,
1296,Jardines del Pedregal,STCLB40,Intermedia,Coyoacán,1967.0,CDCapital,-99.1997557764832,19.304247670836,71,16,7116,STC Anillar,f,
1297,Ajusco,STCLB42,Transbordo,Coyoacán,1967.0,CDCapital,-99.204757323956,19.3058181987807,71,17,7117,STC Anillar,f,
1298,Sta Teresa,STCLB45,Intermedia,Tlalpan,1967.0,CDCapital,-99.2158309051932,19.3075696512559,71,18,7118,STC Anillar,f,
1299,Ángeles,STC7005,Intermedia,Tlalpan,1967.0,CDCapital,-99.2199193504131,19.3129905724798,71,19,7119,STC Anillar,f,
1300,Suiza,STCLB47,Intermedia,Magdalena Contreras,1967.0,CDCapital,-99.2216738353594,19.3186553545115,71,20,7120,STC Anillar,f,
1301,Luis Cabrera,STCLB48,Transbordo,Magdalena Contreras,1967.0,CDCapital,-99.220328643837,19.320925949733,71,21,7121,STC Anillar,f,
1302,San Antonio Elevado,STCLB50,Intermedia,Ecatepec,2000.0,CDCapital,-99.2156603800189,19.324062314384,72,1,5188,STC Anillar,f,
1303,Tarasquillo,STC7006,Intermedia,Ecatepec,2000.0,CDCapital,-99.2120483506634,19.3286106861771,72,2,5177,STC Anillar,f,
1304,Glorieta monumental,STCLB52,Intermedia,Xochimilco,2000.0,CDCapital,-99.2109659153388,19.3306707865798,72,2,7004,STC Anillar,f,
1305,Parque el Batàn,STCLB53,Intermedia,Tlalpan,2000.0,CDCapital,-99.2089943081942,19.3342970580488,72,3,5178,STC Anillar,f,
1306,Toluca,STCLB55,Transbordo,Tlalpan,2000.0,CDCapital,-99.2032322288589,19.3408894521725,72,4,5195,STC Anillar,f,
1307,Desierto de los Leones,STCLB57,Intermedia,Tlalpan,2000.0,CDCapital,-99.2020378704102,19.3479263629079,72,5,5182,STC Anillar,f,
1308,Romulo O'Farril,STCLB58,Intermedia,Tlalpan,2000.0,CDCapital,-99.1988823295185,19.3557316805212,72,6,5185,STC Anillar,f,
1309,Barranca del Muerto/Periférico,STCLB60,Intermedia,Gustavo A. Madero,2000.0,CDCapital,-99.1912054597844,19.3617955262867,72,7,5188,STC Anillar,f,
1310,Prepa 8,STCLB62,Intermedia,Nezahualcóyotl,2000.0,CDCapital,-99.1911488730648,19.366922941138,72,8,5177,STC Anillar,f,
1311,Rosa Trepadora,STCLB63,Intermedia,Nezahualcóyotl,2000.0,CDCapital,-99.193938817374,19.3721026926363,72,9,7005,STC Anillar,f,
1312,Celini,STC7008,Intermedia,Ecatepec,2000.0,CDCapital,-99.1915218752405,19.3762729468749,72,10,5178,STC Anillar,f,
1313,Distribuidor Víal San antonio,STCLB65,Terminal,Ecatepec,2000.0,CDCapital,-99.1912526191116,19.3847724156345,72,11,5195,STC Anillar,f,
1314,San Pedro de Los Pinos/Periférico,STCLB67,Transbordo,Ecatepec,2000.0,CDCapital,-99.188913461022,19.3909745202463,72,12,5182,STC Anillar,f,
1315,11 de abril,STCLB68,Intermedia,Xochimilco,2000.0,CDCapital,-99.1887382399895,19.3955383249044,72,13,5191,STC Anillar,f,
1316,Miguel Alemán Valdés,STCLB69,Intermedia,Tlalpan,2000.0,CDCapital,-99.1917529384344,19.4001935073707,72,14,5185,STC Anillar,f,
1317,Parque Lira,STC7009,Intermedia,Tlalpan,2000.0,CDCapital,-99.1918864435316,19.4064246330255,72,15,5179,STC Anillar,f,
1318,Constituyentes/Periférico,STCLB70,Intermedia,Tlalpan,2000.0,CDCapital,-99.1941158560232,19.4112098768217,72,16,5188,STC Anillar,f,
1319,Los Pinos,STCLB71,Intermedia,Tlalpan,2000.0,CDCapital,-99.1948212702859,19.4179379699072,72,17,5189,STC Anillar,f,
1320,Alencastre,STCLB72,Intermedia,Tlalpan,2000.0,CDCapital,-99.1990471598163,19.4227045760294,72,18,5177,STC Anillar,f,
1321,Paseo de la Reforma,STCLB73,Intermedia,Tlalpan,2000.0,CDCapital,-99.2033829224792,19.427271778236,72,19,7006,STC Anillar,f,
1322,Presidente Masaryk,STCLB74,Intermedia,Tlalpan,2000.0,CDCapital,-99.2080967842068,19.4320351650801,72,20,5178,STC Anillar,f,
1323,Homero,STCLB75,Intermedia,Tlalpan,2000.0,CDCapital,-99.2129461326464,19.4367463974964,72,21,5175,STC Anillar,f,
1324,Ejército Nacional,STC7010,Intermedia,Gustavo A. Madero,2000.0,CDCapital,-99.214626690685,19.4392638928012,72,22,5195,STC Anillar,f,
1325,Hipódromo las Américas,STCLB76,Terminal,Nezahualcóyotl,2000.0,CDCapital,-99.216389674011,19.4423772420843,72,23,5186,STC Anillar,f,
1326,Cuatro Caminos/Periférico,STCLB78,Transbordo,Nezahualcóyotl,2000.0,CDCapital,-99.2205876390333,19.4587801108788,72,24,5191,STC Anillar,f,
1327,Las torres,STCLB79,Intermedia,Ecatepec,2000.0,CDCapital,-99.2245013622917,19.4660189895512,72,25,5185,STC Anillar,f,
1328,Naucalpan,STCLB81,Intermedia,Ecatepec,2000.0,CDCapital,-99.2285223588608,19.47375676818,72,26,5188,STC Anillar,f,
1329,Gustavo Baz Prada,STC7011,Intermedia,Ecatepec,2000.0,CDCapital,-99.2319348869996,19.4790829347871,72,27,5189,STC Anillar,f,
1330,Lomas Verdes,STCLB82,Intermedia,Ecatepec,2000.0,CDCapital,-99.2350808843679,19.4861748591816,72,28,5177,STC Anillar,f,
1331,Parque Naucalli,STCLB83,Intermedia,Xochimilco,2000.0,CDCapital,-99.2372188516262,19.4942303629856,72,29,7007,STC Anillar,f,
1332,Ciudad Satélite,STCLB84,Intermedia,Tlalpan,2000.0,CDCapital,-99.2368132396803,19.5092138203163,73,1,5178,STC Anillar,f,
1333,Circunvalación,STCLB85,Intermedia,Tlalpan,2000.0,CDCapital,-99.2306362052263,19.5193013624258,73,2,5175,STC Anillar,f,
1334,Viveros de Atizapán,STCLB87,Intermedia,Tlalpan,2000.0,CDCapital,-99.2185048168838,19.5185963862678,73,3,5186,STC Anillar,f,
1335,Presidente Juárez,STC7012,Terminal,Tlalpan,2000.0,CDCapital,-99.2117073099832,19.5168414273159,73,4,5182,STC Anillar,f,
1336,Tlanepantla,STCLB90,Intermedia,Tlalpan,2000.0,CDCapital,-99.1964973796254,19.5170094114134,73,5,5179,STC Anillar,f,
1337,Av de las Granjas,STCLB93,Intermedia,Nezahualcóyotl,2000.0,CDCapital,-99.1793753322663,19.5116041682883,73,6,5177,STC Anillar,f,
1338,El Heraldo,STC7013,Intermedia,Nezahualcóyotl,2000.0,CDCapital,-99.1729985503897,19.5145114374118,73,7,7008,STC Anillar,f,
1339,Vaso Regulador de Carretas,STCLB94,Intermedia,Ecatepec,2000.0,CDCapital,-99.1655936278391,19.5124915987051,73,8,5178,STC Anillar,f,
1340,Progreso Nacional,STCLB95,Intermedia,Ecatepec,2000.0,CDCapital,-99.1603951642349,19.512747482633,73,9,5175,STC Anillar,f,
1341,Fábricas/Periférico,STCLB96,Intermedia,Ecatepec,2000.0,CDCapital,-99.154068179484,19.5146094622948,73,10,5195,STC Anillar,f,
1342,Río San Joaquín,STCLB97,Intermedia,Ecatepec,2000.0,CDCapital,-99.1430542558633,19.5180624295389,73,11,5186,STC Anillar,f,
1343,Acueducto,STCLB98,Intermedia,Ecatepec,2000.0,CDCapital,-99.1345326557674,19.5179557253226,73,12,5182,STC Anillar,f,
1344,La Presa,STCLB99,Terminal,Xochimilco,2000.0,CDCapital,-99.1242526088899,19.5191546977744,73,13,5191,STC Anillar,f,
1345,Hermilo Mena,STC7014,Transbordo,Tlalpan,2000.0,CDCapital,-99.114145246139,19.5214580487031,73,14,5185,STC Anillar,f,
1346,Constituyentes de 1857,STCLB102,Intermedia,Tlalpan,2000.0,CDCapital,-99.1012458364103,19.5147915769313,73,15,5189,STC Anillar,f,
1347,Río de los Remedios Metrobus/Periférico,STCLB104,Intermedia,Tlalpan,2000.0,CDCapital,-99.0859313881947,19.5071286247817,73,16,7009,STC Anillar,f,
1348,Gran Canal de Desague,STCLB105,Intermedia,Tlalpan,2000.0,CDCapital,-99.0779649889604,19.5038193655209,73,17,5178,STC Anillar,f,
1349,Parque Orizaba,STCLB106,Intermedia,Gustavo A. Madero,2000.0,CDCapital,-99.0642759104053,19.4982680721875,73,18,5195,STC Anillar,f,
1350,Valle de Santiago,STCLB107,Intermedia,Nezahualcóyotl,2000.0,CDCapital,-99.053966727543,19.4938637992146,73,19,5186,STC Anillar,f,
1351,Río de los Remedios Metro/Periférico,STCLB108,Intermedia,Nezahualcóyotl,2000.0,CDCapital,-99.0466020294544,19.4911807713892,73,20,5182,STC Anillar,f,
1352,Valle de San Lorenzo,STCLB109,Intermedia,Nezahualcóyotl,2000.0,CDCapital,-99.0388115288086,19.4873294113852,73,21,5191,STC Anillar,f,
1353,Colonias de Aragón,STCLB111,Transbordo,Ecatepec,2000.0,CDCapital,-99.0316621504572,19.4793309527282,73,22,5179,STC Anillar,f,
1354,FES Aragón,STC7016,Transbordo,Ecatepec,2000.0,CDCapital,-99.0356457017992,19.4730405471889,74,1,5188,STC Anillar,f,
1355,Pirules,STCLB112,Intermedia,Ecatepec,2000.0,CDCapital,-99.0373166530742,19.4666123777387,74,2,5189,STC Anillar,f,
1356,Peñòn Texcoco/Periférico,STCLB113,Intermedia,Ecatepec,2000.0,CDCapital,-99.0383847433583,19.4571699263318,74,3,5177,STC Anillar,f,
1357,Alameda Oriente,STCLB114,Intermedia,Xochimilco,2000.0,CDCapital,-99.0522269700144,19.4297107907808,74,4,7010,STC Anillar,f,
1358,Ciudad Nezahualcoyotl,STCLB116,Intermedia,Tlalpan,2000.0,CDCapital,-99.0554993142479,19.4223645933323,74,5,5175,STC Anillar,f,
1359,Av Pantitlán,STCLB118,Intermedia,Tlalpan,2000.0,CDCapital,-99.0567857536576,19.4119961559513,74,6,5182,STC Anillar,f,
1360,Valesquillo,STCLB120,Intermedia,Tlalpan,2000.0,CDCapital,-99.0575875865377,19.4046000958895,74,7,5185,STC Anillar,f,
1361,Canal de San Juan/Periférico,STCLB122,Transbordo,Gustavo A. Madero,2000.0,CDCapital,-99.0579318907728,19.3983599751904,74,8,5188,STC Anillar,f,
1362,Constitución de Apatzingán,STC7018,Intermedia,Nezahualcóyotl,2000.0,CDCapital,-99.0599752608567,19.3896460289669,74,9,5177,STC Anillar,f,
1363,Canal de Tezontle,STCLB125,Intermedia,Ecatepec,2000.0,CDCapital,-99.0606372559403,19.3820692425108,74,10,5178,STC Anillar,f,
1364,Leyes de Reforma,STCLB126,Intermedia,Ecatepec,2000.0,CDCapital,-99.0601250788034,19.3767183843786,74,11,5175,STC Anillar,f,
1365,Luis Méndez,STCLB128,Intermedia,Ecatepec,2000.0,CDCapital,-99.0574385618996,19.3633810991953,74,12,5186,STC Anillar,f,
1366,Revolución Social,STC7019,Intermedia,Xochimilco,2000.0,CDCapital,-99.0596560450222,19.3535104905475,74,13,5191,STC Anillar,f,
1367,Constitución de 1917/Periférico,STCLB131,Intermedia,Tlalpan,2000.0,CDCapital,-99.0626549863211,19.3450857602017,74,14,5179,STC Anillar,f,
1368,5 de mayo,STCLB132,Terminal,Tlalpan,2000.0,CDCapital,-99.0642540491586,19.3391428958489,74,15,5188,STC Anillar,f,
1369,Iztapalapa,STCLB134,Transbordo,Tlalpan,2000.0,CDCapital,-99.067599524439,19.3283774337608,74,16,5177,STC Anillar,f,
1370,Periférico Oriente/Periférico,STC7020,Intermedia,Tlalpan,2000.0,CDCapital,-99.0745175260824,19.3176186017939,74,17,5178,STC Anillar,f,
1371,Jardines del Pedregal,STCLB40,Intermedia,Coyoacán,1967.0,CDCapital,-99.1997557764832,19.304247670836,75,1,7116,STC Anillar,f,
1372,Distrito 9 Bosques de Tlalpan,0,0,0,0.0,CDCapital,-99.191959297932,19.2965532092998,75,2,0,STC Anillar,f,
1373,Distrito 9 Villa Olímpica,0,0,0,0.0,CDCapital,-99.1821436885798,19.2943099144356,75,3,0,STC Anillar,f,
1374,Distrito 9 Fuentes Brotantes,0,0,0,0.0,CDCapital,-99.1745637125487,19.2881129212024,75,4,0,STC Anillar,f,
1375,Distrito 9 El caminero,0,0,0,0.0,CDCapital,-99.1688669147895,19.2783759089616,75,5,0,STC Anillar,f,
1376,Distrito 9 San Pedro Martir,0,0,0,0.0,CDCapital,-99.1724350156056,19.2639699473012,75,6,0,STC Anillar,f,
1377,Distrito 9 San Andrés,0,0,0,0.0,CDCapital,-99.1706186487172,19.245582183004,75,7,0,STC Anillar,f,
1378,Distrito 9 San Miguel Xicalco,0,0,0,0.0,CDCapital,-99.1575161106539,19.2352868537847,75,8,0,STC Anillar,f,
1379,Distrito 9 Kilómetro 27 Sur,0,0,0,0.0,CDCapital,-99.1528956259134,19.2252005692543,75,9,0,STC Anillar,f,
1380,Distrito 9 Kilómetro 28 Sur,0,0,0,0.0,CDCapital,-99.1546798849431,19.2119252444861,75,10,0,STC Anillar,f,
1381,Distrito 9 Topilejo,0,0,0,0.0,CDCapital,-99.1421951074057,19.2002291038026,75,11,0,STC Anillar,f,
1382,Distrito 6 Tlalnepantla,0,0,0,0.0,CDCapital,-99.1223194911525,19.1988085604354,75,12,0,STC Anillar,f,
1383,Distrito 7 San Isidro,0,0,0,0.0,CDCapital,-99.1046779576667,19.1991325337197,75,13,0,STC Anillar,f,
1384,Distrito 7 Oztotepec,0,0,0,0.0,CDCapital,-99.0788420089192,19.1890688338426,75,14,0,STC Anillar,f,
1385,Distrito 7 Mirador,0,0,0,0.0,CDCapital,-99.0433909333266,19.1840827651744,75,15,0,STC Anillar,f,
1386,Distrito 7 Villa Alta,STC7020,Intermedia,Milpa Alta,2000.0,CDCapital,-99.02285646865,19.1928136746947,75,16,5178,STC Anillar,f,
1387,Distrito 7 Tecoxpa,0,0,0,0.0,CDCapital,-99.0083493134662,19.2006192153926,75,17,0,STC Anillar,f,
1388,Distrito 7 Tecomitl,0,0,0,0.0,CDCapital,-98.9930088911071,19.2171005086815,75,18,0,STC Anillar,f,
1389,Distrito 10 La Cruz,0,0,0,0.0,CDCapital,-98.9947045093792,19.2364630908786,75,19,0,STC Anillar,f,
1390,Distrito 10 Los Olivos,0,0,0,0.0,CDCapital,-99.0047204056722,19.2499098672765,76,1,0,STC Anillar,f,
1391,Distrito 10 Paradero,0,0,0,0.0,CDCapital,-98.9977918399837,19.2662740226827,76,2,0,STC Anillar,f,
1392,Distrito 10 San Rafael,0,0,0,0.0,CDCapital,-99.0097597685548,19.2777386971656,76,3,0,STC Anillar,f,
1393,Distrito 10 Tláhuac,0,0,0,0.0,CDCapital,-99.0139669432037,19.2869099755314,76,4,0,STC Anillar,f,
1394,Distrito 10 Santa Cecilia,102,0,0,0.0,CDCapital,-99.0142589956859,19.2859262527529,76,5,0,STC Anillar,f,
1395,Distrito 10 SFT,0,0,0,0.0,CDCapital,-98.9979040447815,19.2942799050647,76,6,0,STC Anillar,f,
1396,Distrito 10 Santa Catarina,0,0,0,0.0,CDCapital,-98.964281356,19.3078443630336,76,7,0,STC Anillar,f,
1397,Distrito 10 Samuel Ramírez,0,0,0,0.0,CDCapital,-98.9591160367811,19.3218669425612,76,8,0,STC Anillar,f,
1398,San Isidro,0,0,0,0.0,CDCapital,-98.9523203563054,19.332924444968,76,9,0,STC Anillar,f,
1399,Periférico Exterior/La Paz,0,0,0,0.0,CDCapital,-98.9609690243471,19.3505435817377,76,10,0,STC Anillar,f,
1400,Ancón,0,0,0,0.0,CDCapital,-98.9639316145915,19.3618964389536,76,11,0,STC Anillar,f,
1401,Ferrocarriles,0,0,0,0.0,CDCapital,-98.9640019677673,19.3661834257934,76,12,0,STC Anillar,f,
1402,Río Bravo,0,0,0,0.0,CDCapital,-98.9648903085354,19.3707920002604,76,13,0,STC Anillar,f,
1403,La Laguna,0,0,0,0.0,CDCapital,-98.9683828345991,19.3768043402383,76,14,0,STC Anillar,f,
1404,Los Rosales,0,0,0,0.0,CDCapital,-98.9735235111779,19.3857051751791,76,15,0,STC Anillar,f,
1405,Ferrocarriles,0,0,0,0.0,CDCapital,-98.9794267632745,19.3960669056608,76,16,0,STC Anillar,f,
1406,Las Torres,0,0,0,0.0,CDCapital,-98.9898890071529,19.4142649393371,76,17,0,STC Anillar,f,
1407,Gustavo Baz,0,0,0,0.0,CDCapital,-99.007483839676,19.419054886979,76,18,0,STC Anillar,f,
1408,Ciudad Jardín,0,0,0,0.0,CDCapital,-99.0217296859174,19.4227212947136,76,19,0,STC Anillar,f,
1409,Xochiaca,0,0,0,0.0,CDCapital,-99.0322787757733,19.4253602051921,76,20,0,STC Anillar,f,
1410,Periférico Exterior/alameda Oriente,0,0,0,0.0,CDCapital,-99.0531832197898,19.4308616176696,76,21,0,STC Anillar,f,
1411,Sonapi,0,0,0,0.0,CDCapital,-99.0292900552522,19.4842795727036,77,1,0,STC Anillar,f,
1412,Casa Colorada,0,0,0,0.0,CDCapital,-99.0150556678927,19.4885777853796,77,2,0,STC Anillar,f,
1413,Nueva Aragòn,0,0,0,0.0,CDCapital,-99.0145611216662,19.5072002817362,77,3,0,STC Anillar,f,
1414,Aragòn,0,0,0,0.0,CDCapital,-99.0145741845045,19.5284299042679,77,4,0,STC Anillar,f,
1415,Initec,0,0,0,0.0,CDCapital,-99.0140139890552,19.5510897956021,77,5,0,STC Anillar,f,
1416,San Cristobal,0,0,0,0.0,CDCapital,-99.0156196930152,19.5675346501306,77,6,0,STC Anillar,f,
1417,Exterior Mexiquense 2,0,0,0,0.0,CDCapital,-99.0238830250779,19.5788167085253,77,7,0,STC Anillar,f,
1418,Exterior Mexiquense 1,0,0,0,0.0,CDCapital,-99.0305989243074,19.5914223394846,77,8,0,STC Anillar,f,
1419,Periférico Exterior/Circuito Exterior Mexiquense,0,0,0,0.0,CDCapital,-99.0371895595423,19.6032497178502,77,9,0,STC Anillar,f,
1420,Parque Héroes Primera,0,0,0,0.0,CDCapital,-99.0398552541093,19.6137769849744,77,10,0,STC Anillar,f,
1421,Periférico Exterior/Ecatepec,0,0,0,0.0,CDCapital,-99.0594486572992,19.6117838176556,77,11,0,STC Anillar,f,
1422,Venustiano Carranza,0,0,0,0.0,CDCapital,-99.0695266601854,19.6201226609306,77,12,0,STC Anillar,f,
1423,Hispánoamericana,0,0,0,0.0,CDCapital,-99.0770041985354,19.6248664277276,77,13,0,STC Anillar,f,
1424,Eje 8,0,0,0,0.0,CDCapital,-99.0907400985199,19.6316875590758,77,14,0,STC Anillar,f,
1425,Las Flores,0,0,0,0.0,CDCapital,-99.0968583276696,19.6339321353518,77,15,0,STC Anillar,f,
1426,Héroes,0,0,0,0.0,CDCapital,-99.1060591532042,19.6357859029328,77,16,0,STC Anillar,f,
1427,Bosques del Valle,0,0,0,0.0,CDCapital,-99.1192261764418,19.6328149720266,77,17,0,STC Anillar,f,
1428,Coacoalco,0,0,0,0.0,CDCapital,-99.124549734006,19.6308441518859,77,18,0,STC Anillar,f,
1429,Villas de San José,0,0,0,0.0,CDCapital,-99.1312105139567,19.6296430996821,77,19,0,STC Anillar,f,
1430,Mariscala Real del Bosque,0,0,0,0.0,CDCapital,-99.1359759103304,19.6288677503075,77,20,0,STC Anillar,f,
1431,San Mateo,0,0,0,0.0,CDCapital,-99.1475640691978,19.6260513187633,77,21,0,STC Anillar,f,
1432,Bello Horizonte,0,0,0,0.0,CDCapital,-99.1574439781691,19.6235571483666,77,22,0,STC Anillar,f,
1433,Periférico Exterior/Tultitlán,0,0,0,0.0,CDCapital,-99.1629873973005,19.62207279536,77,23,0,STC Anillar,f,
1434,Periférico Exterior/Buenavista,0,0,0,0.0,CDCapital,-99.1677835318336,19.6208221515495,77,24,0,STC Anillar,f,
1435,Cocem,0,0,0,0.0,CDCapital,-99.1715684593057,19.6198424347943,77,25,0,STC Anillar,f,
1436,Recursos Hidráulicos,0,0,0,0.0,CDCapital,-99.1789216505299,19.6172317219898,77,26,0,STC Anillar,f,
1437,Chilpan,0,0,0,0.0,CDCapital,-99.1808370106,19.614655710965,77,27,0,STC Anillar,f,
1438,Vidriería,0,0,0,0.0,CDCapital,-99.1822744345188,19.606474342971,77,28,0,STC Anillar,f,
1439,Periférico Exterior Lechería,0,0,0,0.0,CDCapital,-99.1835112186604,19.5995429528622,77,29,0,STC Anillar,f,
1440,Tultilan,0,0,0,0.0,CDCapital,-99.1841532411634,19.5934264700085,77,30,0,STC Anillar,f,
1441,Vainilla,0,0,0,0.0,CDCapital,-99.1933950467646,19.5877817952569,77,31,0,STC Anillar,f,
1442,Prolongación Norte 1,0,0,0,0.0,CDCapital,-99.196615926979,19.5751298743013,77,32,0,STC Anillar,f,
1443,Tlayacampa,0,0,0,0.0,CDCapital,-99.1947558256998,19.5711260781631,77,33,0,STC Anillar,f,
1444,San Rafael,0,0,0,0.0,CDCapital,-99.1949512142537,19.5652984750812,77,34,0,STC Anillar,f,
1445,Agustín Melgar,0,0,0,0.0,CDCapital,-99.1949045928447,19.5612108867994,77,35,0,STC Anillar,f,
1446,Fernando Montes de Oca,0,0,0,0.0,CDCapital,-99.1978507271684,19.5608380391716,77,36,0,STC Anillar,f,
1447,Casa 29,0,0,0,0.0,CDCapital,-99.2031792054851,19.5602697248333,77,37,0,STC Anillar,f,
1448,Carretera a Querétaro,0,0,0,0.0,CDCapital,-99.2030813571452,19.5623553211913,77,38,0,STC Anillar,f,
1449,Radial Toltecas,0,0,0,0.0,CDCapital,-99.204372472164,19.5558456707074,77,39,0,STC Anillar,f,
1450,Valle Dorado,0,0,0,0.0,CDCapital,-99.2074590578638,19.5505813040026,77,40,0,STC Anillar,f,
1451,Cumbres de Acutzingo,0,0,0,0.0,CDCapital,-99.2125686880891,19.5437423073282,77,41,0,STC Anillar,f,
1452,Mario de Colín,0,0,0,0.0,CDCapital,-99.2144895795458,19.5394651446104,77,42,0,STC Anillar,f,
1453,Belém de los Padres,0,0,0,0.0,CDCapital,-99.2183090776225,19.5345217574873,77,43,0,STC Anillar,f,
1454,Hospital General Santa Mónica,0,0,0,0.0,CDCapital,-99.2225744597411,19.5289040589193,77,44,0,STC Anillar,f,
1455,Manuel Ávila Camacho,0,0,0,0.0,CDCapital,-99.2283313975706,19.5213932463302,77,45,0,STC Anillar,f,
1456,Luis Cabrera,0,0,0,0.0,CDCapital,-99.22032864,19.3209259,78,1,0,STC Anillar,f,
1457,Magnolia,0,0,0,0.0,CDCapital,-99.2288526250218,19.3195063712374,78,2,0,STC Anillar,f,
1458,San Jerónimo,0,0,0,0.0,CDCapital,-99.2360691577694,19.3168330150679,78,3,0,STC Anillar,f,
1459,San Bernabè,0,0,0,0.0,CDCapital,-99.2411255829306,19.320476584737,78,4,0,STC Anillar,f,
1460,Corona del Rosal,0,0,0,0.0,CDCapital,-99.2466996692696,19.3245501138079,78,5,0,STC Anillar,f,
1461,Lomas de la Era,0,0,0,0.0,CDCapital,-99.2537351762677,19.3271462965047,78,6,0,STC Anillar,f,
1462,Calzada Desierto de los Leones,0,0,0,0.0,CDCapital,-99.2575695889138,19.3308083449885,78,7,0,STC Anillar,f,
1463,Academia de Policia,0,0,0,0.0,CDCapital,-99.2540088025991,19.3342249774602,78,8,0,STC Anillar,f,
1464,Villa Verdun,0,0,0,0.0,CDCapital,-99.2571057528215,19.3388829506226,78,9,0,STC Anillar,f,
1465,Calzada de las Águilas,0,0,0,0.0,CDCapital,-99.2583328731015,19.3416047616263,78,10,0,STC Anillar,f,
1466,Centenario,0,0,0,0.0,CDCapital,-99.253546447953,19.3463721444006,78,11,0,STC Anillar,f,
1467,Paseo de los Poetas,0,0,0,0.0,CDCapital,-99.2597382459703,19.3502554029469,78,12,0,STC Anillar,f,
1468,Tamaulipas,0,0,0,0.0,CDCapital,-99.2599266210976,19.3566258841793,78,13,0,STC Anillar,f,
1469,Periférico/Santa Fé,0,0,0,0.0,CDCapital,-99.2650116628984,19.3633376778598,78,14,0,STC Anillar,f,
1470,Paseo de las Lomas,0,0,0,0.0,CDCapital,-99.2652105036192,19.3722826644252,78,15,0,STC Anillar,f,
1471,Paseo de los Tamarindos,0,0,0,0.0,CDCapital,-99.2592502627037,19.3803869586455,78,16,0,STC Anillar,f,
1472,Bosque de Radiatos,0,0,0,0.0,CDCapital,-99.2537795073928,19.3866833659045,78,17,0,STC Anillar,f,
1473,Paseo de los Laureles,0,0,0,0.0,CDCapital,-99.2505048189322,19.3902235354612,78,18,0,STC Anillar,f,
1474,Paseo de los Ahuehuetes,0,0,0,0.0,CDCapital,-99.2487675434051,19.3934142622383,78,19,0,STC Anillar,f,
1475,Bosque de los Nogales,0,0,0,0.0,CDCapital,-99.2442130858325,19.3967225515822,78,20,0,STC Anillar,f,
1476,Glorieta de la Radio,0,0,0,0.0,CDCapital,-99.2336237141306,19.4066136095065,78,21,0,STC Anillar,f,
1477,Bosque de Caobas,0,0,0,0.0,CDCapital,-99.2320695451028,19.4122033036166,78,22,0,STC Anillar,f,
1478,Ahuehuetes Nte,0,0,0,0.0,CDCapital,-99.2330615025433,19.4152525182492,78,23,0,STC Anillar,f,
1479,Monte Líbano,0,0,0,0.0,CDCapital,-99.2333646473772,19.4175106613939,78,24,0,STC Anillar,f,
1480,Fuente de la Concordia,0,0,0,0.0,CDCapital,-99.2367901012795,19.417774812227,78,25,0,STC Anillar,f,
1481,Fuente de las águilas,0,0,0,0.0,CDCapital,-99.2435118354086,19.41959924103,78,26,0,STC Anillar,f,
1482,Herradura,0,0,0,0.0,CDCapital,-99.2439177608946,19.4244252821749,78,27,0,STC Anillar,f,
1483,Fuerzas Armadas,0,0,0,0.0,CDCapital,-99.2489242785839,19.4295617390679,78,28,0,STC Anillar,f,
1484,Arenero,0,0,0,0.0,CDCapital,-99.250706909424,19.4352196979964,78,29,0,STC Anillar,f,
1485,Av Granjas,0,0,0,0.0,CDCapital,-99.2508665967754,19.4446805397436,78,30,0,STC Anillar,f,
1486,Av de los Maestros,0,0,0,0.0,CDCapital,-99.250777279802,19.4494899447207,78,31,0,STC Anillar,f,
1487,Aldama,0,0,0,0.0,CDCapital,-99.2606045143859,19.4505584198023,78,32,0,STC Anillar,f,
1488,Minas Palacio,0,0,0,0.0,CDCapital,-99.2634773985236,19.4550219187206,78,33,0,STC Anillar,f,
1489,Luis Donaldo Colosio,0,0,0,0.0,CDCapital,-99.2602042633449,19.4573737664934,78,34,0,STC Anillar,f,
1490,La principal,0,0,0,0.0,CDCapital,-99.2669297497378,19.4596493577474,78,35,0,STC Anillar,f,
1491,Acueducto de los Remedios,0,0,0,0.0,CDCapital,-99.2580808037508,19.467749467214,78,36,0,STC Anillar,f,
1492,Xalpa,0,0,0,0.0,CDCapital,-99.2580620621915,19.4694568122086,78,37,0,STC Anillar,f,
1493,De los Arcos,0,0,0,0.0,CDCapital,-99.2777322921402,19.4715062176784,78,38,0,STC Anillar,f,
1494,Paseos del Bosque,0,0,0,0.0,CDCapital,-99.2748143679088,19.4761908402282,78,39,0,STC Anillar,f,
1495,Totoltepec,0,0,0,0.0,CDCapital,-99.2680819425796,19.4767341759837,78,40,0,STC Anillar,f,
1496,Cerro de Moctezuma,0,0,0,0.0,CDCapital,-99.2642917937907,19.4829043237985,78,41,0,STC Anillar,f,
1497,Jardines de San Mateo,0,0,0,0.0,CDCapital,-99.2573081023773,19.4878268359378,78,42,0,STC Anillar,f,
1498,Misiones,0,0,0,0.0,CDCapital,-99.2494008650137,19.4973318589906,78,43,0,STC Anillar,f,
1499,Ciudad Satélite,0,0,0,0.0,CDCapital,-99.2368132396803,19.5092138203163,78,44,0,STC Anillar,f,
1500,BuenaVista,0,0,0,0.0,CDMX,-99.1516296688688,19.4499733822882,801,1,0,STC Suburbano,t,
1501,Fortuna,0,0,0,0.0,CDMX,-99.1710434158626,19.4919905876639,801,2,0,STC Suburbano,t,
1502,Tlanepantla,0,0,0,0.0,CDMX,-99.1840599774596,19.5371489669722,801,3,0,STC Suburbano,t,
1503,San Rafael,0,0,0,0.0,CDMX,-99.194235330584,19.566523519002,801,4,0,STC Suburbano,t,
1504,Lechería,0,0,0,0.0,CDMX,-99.1867858027663,19.5998717066407,801,5,0,STC Suburbano,t,
1505,Tultitlán,0,0,0,0.0,CDMX,-99.1803271059552,19.6366354601818,801,6,0,STC Suburbano,t,
1506,Cuatitlán,0,0,0,0.0,CDMX,-99.1761420782206,19.6675375235718,801,7,0,STC Suburbano,t,
1507,Observatorio,0,0,0,0.0,CDMX,-99.2004023666071,19.3984355079513,802,1,0,STC  InterUrbano,t,
1508,Vasco de Quiroga,0,0,0,0.0,CDMX,-99.227916419007,19.3849598478361,802,2,0,STC  InterUrbano,t,
1509,Santa Fé,0,0,0,0.0,CDMX,-99.2686240919612,19.3639627735107,802,3,0,STC  InterUrbano,t,
1510,Lerma,0,0,0,0.0,EDOMEX,-99.5144736129206,19.2788307273733,802,4,0,STC  InterUrbano,t,
1511,Tecnológico/Aeropuerto,0,0,0,0.0,EDOMEX,-99.5739727395649,19.2777127912577,802,5,0,STC  InterUrbano,t,
1512,Pino Suárez,0,0,0,0.0,EDOMEX,-99.6412531025291,19.2704981209636,802,6,0,STC  InterUrbano,t,
1513,Zincantepec,0,0,0,0.0,EDOMEX,-99.6943664630372,19.2803477690172,802,7,0,STC  InterUrbano,t,
1514,Lechería,0,0,0,0.0,EDOMEX,-99.1866105397135,19.5993901787755,803,1,0,STC  InterUrbano,t,
1515,Cueyamil,0,0,0,0.0,EDOMEX,-99.1620556725949,19.632949390266,803,2,0,STC  InterUrbano,t,
1516,Los Agaves,0,0,0,0.0,EDOMEX,-99.1458525844175,19.646522823467,803,3,0,STC  InterUrbano,t,
1517,Nextlalpan,0,0,0,0.0,EDOMEX,-99.0817620548386,19.7022270165225,803,4,0,STC  InterUrbano,t,
1518,Jaltocan,0,0,0,0.0,EDOMEX,-99.0575557095261,19.7229223906005,803,5,0,STC  InterUrbano,t,
1519,AIFA,0,0,0,0.0,EDOMEX,-99.0259414471466,19.7356220265202,803,6,0,STC  InterUrbano,t,
1520,Villa Alta,0,0,0,0.0,CDCapital,-99.02285646865,19.1928136746947,804,1,0,STC  InterUrbano,f,
1521,Santa Ana,0,0,0,0.0,CDCapital,-99.0035250215966,19.1719330241731,804,2,0,STC  InterUrbano,f,
1522,La Quietitud,0,0,0,0.0,EDOMEX,-98.935911776218,19.1145403510756,804,3,0,STC  InterUrbano,f,
1523,Felipe Neri,0,0,0,0.0,Morelos,-98.9401084153015,19.0361589566321,804,4,0,STC  InterUrbano,f,
1524,Nepopualco,0,Intermedia,0,0.0,Morelos,-98.940799007594,19.0006411816147,804,5,0,STC  InterUrbano,f,
1525,Totoloapan,0,Intermedia,0,0.0,Morelos,-98.9261703562692,18.9821225468375,804,6,0,STC  InterUrbano,f,
1526,Tlayacapan,0,Intermedia,0,0.0,Morelos,-98.9791907734195,18.9498238507384,804,7,0,STC  InterUrbano,f,
1527,Oaxtepec,0,Intermedia,0,0.0,Morelos,-98.9720750260755,18.9120009439869,804,8,0,STC  InterUrbano,f,
1528,Cocoyoc,0,Intermedia,0,0.0,Morelos,-98.9849871314571,18.8822914333589,804,9,0,STC  InterUrbano,f,
1529,Cuatlixco,0,Intermedia,0,0.0,Morelos,-98.9361297544955,18.8525152125409,804,10,0,STC  InterUrbano,f,
1530,Cuautla,0,Terminal,0,0.0,Morelos,-98.9539953653986,18.8173337019107,804,11,0,STC  InterUrbano,f,
1531,Indios Verdes,0,Intermedia,0,0.0,CDMX,-99.1221070743207,19.4953986565987,910,1,0,STM Cablebús,t,
1532,Ticoman,0,Intermedia,0,0.0,CDMX,-99.133664620352,19.511399964853,910,2,0,STM Cablebús,t,
1533,La Pastora,0,Intermedia,0,0.0,CDMX,-99.1405853505227,19.5281010330183,910,3,0,STM Cablebús,t,
1534,Campos de Revolución,0,Intermedia,0,0.0,CDMX,-99.1415937510245,19.5414492123937,910,4,0,STM Cablebús,t,
1535,Cuautepec,0,Terminal,0,0.0,CDMX,-99.1338442155472,19.5591611600409,910,5,0,STM Cablebús,t,
1536,Campos de Revolución (Ramal 1),0,Ramal,0,0.0,CDMX,-99.1417406386286,19.5421758985264,911,1,0,STM Cablebús,t,
1537,Tlalpexco (Ramal 1),0,Ramal/Terminal,0,0.0,CDMX,-99.1261194538371,19.5458966325502,911,2,0,STM Cablebús,t,
1538,Constitución de 1917,0,Intermedia,0,0.0,CDMX,-99.0641242502264,19.3455414468676,920,1,0,STM Cablebús,t,
1539,Quetzalcoatl,0,Intermedia,0,0.0,0,-99.0435105811988,19.3282454948267,920,2,0,STM Cablebús,t,
1540,Torres Buenavista,0,Intermedia,0,0.0,0,-99.0308043261343,19.3320015186306,920,3,0,STM Cablebús,t,
1541,Xalpa,0,Intermedia,Iztapalapa,0.0,CDMX,-99.018925740118,19.336259918469,920,4,0,STM Cablebús,t,
1542,Lomas de la Estancia,0,Intermedia,Iztapalapa,0.0,CDMX,-99.008525609927,19.3407460013107,920,5,0,STM Cablebús,t,
1543,San Miguel Teotongo,0,Intermedia,Iztapalapa,0.0,CDMX,-98.989279609024,19.343732210281,920,6,0,STM Cablebús,t,
1544,Santa Anita,0,Terminal,Iztapalapa,0.0,CDMX,-98.9939038307062,19.360296200398,920,7,0,STM Cablebús,t,
1545,Los Pinos/Constituyentes,0,Intermedia,0,0.0,CDMX,-99.1948212702859,19.4179379699072,930,1,0,STM Cablebús,t,
1546,Panteón de Dolores,0,Intermedia,0,0.0,CDMX,-99.2034690981103,19.4068167148769,930,2,0,STM Cablebús,t,
1547,Charrería,0,Intermedia,0,0.0,0,-99.2142369555383,19.3993198483763,930,3,0,STM Cablebús,t,
1548,Colegio de Arquitectos,0,Intermedia,0,0.0,0,-99.2240899783849,19.3956312643873,930,4,0,STM Cablebús,t,
1549,Cinetéca Chapultepec,0,Intermedia,0,0.0,0,-99.228486225478,19.3891831441407,930,5,0,STM Cablebús,t,
1550,Vasco de Quiroga,0,Terminal,0,0.0,0,-99.227916419007,19.3849598478361,930,6,0,STM Cablebús,t,
1551,Universidad,0,Terminal,0,0.0,0,-99.1737389714801,19.3249995898018,940,1,0,STM Cablebús,t,
1552,Alborada,0,Intermedia,0,0.0,CDMX,-99.1739900523296,19.3102641359206,940,2,0,STM Cablebús,t,
1553,Periférico Sur,0,Intermedia,Tlalpan,0.0,CDMX,-99.1858597527883,19.3031599255714,940,3,0,STM Cablebús,t,
1554,Fuentes Brotantes,0,Intermedia,Tlalpan,0.0,CDMX,-99.1745637125487,19.2881129212024,940,4,0,STM Cablebús,t,
1555,Corregidora,0,Intermedia,Tlalpan,0.0,CDMX,-99.187051815495,19.2815585364776,940,5,0,STM Cablebús,t,
1556,Alfredo V Bonfil,0,Intermedia,Tlalpan,0.0,CDMX,-99.2037918685465,19.283240473155,940,6,0,STM Cablebús,t,
1557,Tekal,0,Intermedia,Tlalpan,0.0,CDMX,-99.2173610685713,19.2838444970966,940,7,0,STM Cablebús,t,
1558,Heroes de Padierna,0,Intermedia,Tlalpan,0.0,CDMX,-99.2288093518014,19.2831589188718,940,8,0,STM Cablebús,t,
1559,Bosques de Pedregal,0,Terminal,Tlalpan,0.0,CDMX,-99.2409765622715,19.2796047184846,940,9,0,STM Cablebús,t,
1560,Pedregal de San Nicolas,0,Terminal,Tlalpan,0.0,CDMX,-99.2327039504926,19.2942845093771,941,1,0,STM Cablebús,t,
1561,Heroes de Padierna,0,Intermedia,Tlalpan,0.0,CDMX,-99.2288093518014,19.2831589188718,941,2,0,STM Cablebús,t,
1562,Rincon del Mirador,0,Terminal,Tlalpan,0.0,CDMX,-99.2220298364893,19.2681313691089,941,3,0,STM Cablebús,t,
1563,Tekal,0,Terminal,0,0.0,CDMX,-99.2173610685713,19.2838444970966,942,1,0,STM Cablebús,t,
1564,Acachen,0,Intermedia,0,0.0,CDMX,-99.2175824270265,19.2900600749442,942,2,0,STM Cablebús,t,
1565,Pico de Turquino,0,Intermedia,0,0.0,CDMX,-99.2131571825345,19.2969189386195,942,3,0,STM Cablebús,t,
1566,Ajusco,0,Transbordo,Coyoacán,1967.0,CDMX,-99.204757323956,19.3058181987807,942,4,0,STM Cablebús,t,
1567,Valentín Campa,0,Terminal,Álvaro Obregón,2040.0,CDMX,-99.1999126538553,19.3818990411062,950,1,0,STM Cablebús,t,
1568,Lomas de Capúla,0,Intermedia,0,0.0,CDMX,-99.2132411458717,19.3790239066117,950,2,0,STM Cablebús,t,
1569,Presidentes,0,Intermedia,0,0.0,CDMX,-99.2247814242894,19.3735013849068,950,3,0,STM Cablebús,t,
1570,Jalalpa,0,Intermedia,0,0.0,CDMX,-99.2434908005476,19.3684121484276,950,4,0,STM Cablebús,t,
1571,Corpus Christi,0,Intermedia,0,0.0,CDMX,-99.2511469807876,19.3611657171562,950,5,0,STM Cablebús,t,
1572,Paseo de los Poetas,0,Intermedia,0,0.0,CDMX,-99.2597382459703,19.3502554029469,950,6,0,STM Cablebús,t,
1573,San Mateo Tlaltenango,0,Terminal,0,0.0,CDMX,-99.2809073007649,19.3427329338061,950,7,0,STM Cablebús,t,
1574,Santa Fé,0,Terminal/Intermedia,0,0.0,CDMX,-99.2686240919612,19.3639627735107,960,1,0,STM Cablebús,t,
1575,Contadero,0,Intermedia,0,0.0,CDMX,-99.2775657744263,19.3574268682302,960,2,0,STM Cablebús,t,
1576,Rosa Torres,0,Intermedia,0,0.0,CDMX,-99.2892235615747,19.3596899847162,960,3,0,STM Cablebús,t,
1577,Zentlapatl,0,Intermedia,0,0.0,CDMX,-99.30833621088,19.3539171626235,960,4,0,STM Cablebús,t,
1578,San Pablo Chimalpa,0,Terminal,0,0.0,CDMX,-99.3203565451032,19.3540620881,960,5,0,STM Cablebús,t,
1579,Mixcoac,0,Intermedia,0,0.0,CDMX,-99.1878282054757,19.3761695673214,970,1,0,STM Cablebús,t,
1580,Rosa Trepadora,0,Transbordo/Intermedia,0,0.0,CDMX,-99.193882396131,19.3722180142103,970,2,0,STM Cablebús,t,
1581,Río Mixcoac,0,Intermedia,0,0.0,CDMX,-99.2032147340175,19.3688139620081,970,3,0,STM Cablebús,t,
1582,Lomas de Tarango,0,Intermedia,0,0.0,CDMX,-99.215809345691,19.3659720782123,970,4,0,STM Cablebús,t,
1583,San Clemente Sur,0,Intermedia,0,0.0,CDMX,-99.2284730921462,19.348660381187,970,5,0,STM Cablebús,t,
1584,Tetelpan,0,Intermedia,0,0.0,CDMX,-99.227617795077,19.3419895095711,970,6,0,STM Cablebús,t,
1585,San José del Olivar,0,Intermedia,0,0.0,CDMX,-99.2347131850705,19.3348066767048,970,7,0,STM Cablebús,t,
1586,Torres de Potrero,0,Intermedia,0,0.0,CDMX,-99.2489729997739,19.3305936681958,970,8,0,STM Cablebús,t,
1587,Calzada Desierto de los Leones,0,Intermedia,0,0.0,CDMX,-99.2575695889138,19.3308083449885,970,9,0,STM Cablebús,t,
1588,San Bartolo Ameyalco,0,Intermedia,0,0.0,CDMX,-99.2747083656271,19.3329267034171,970,10,0,STM Cablebús,t,
1589,Torres de Potrero,0,Intermedia,0,0.0,CDMX,-99.2489729997739,19.3305936681958,971,1,0,STM Cablebús,t,
1590,Corona del Rosal,0,Intermedia,0,0.0,CDMX,-99.2466996692696,19.3245501138079,971,2,0,STM Cablebús,t,
1591,Atacaxco,0,Intermedia,0,0.0,CDMX,-99.2533104927982,19.3164332385402,971,3,0,STM Cablebús,t,
1592,Barrio San Francisco,0,Terminal,0,0.0,CDMX,-99.2412694023476,19.3088954406734,971,4,0,STM Cablebús,t,
1593,La Magdalena,0,Terminal,0,0.0,CDMX,-99.2458344415387,19.3023118987435,971,5,0,STM Cablebús,t,
1594,Atacaxco,0,Intermedia,0,0.0,CDMX,-99.2533104927982,19.3164332385402,972,1,0,STM Cablebús,t,
1595,San Bernabè Ocotepec,0,Intermedia,0,0.0,CDMX,-99.2595447672731,19.3127057867906,972,2,0,STM Cablebús,t,
1596,Tierra Unida,0,Terminal,0,0.0,CDMX,-99.2684495018584,19.3055120056809,972,3,0,STM Cablebús,t,
1597,Estadio Azteca,0,Transbordo/Intermedia,0,0.0,CDMX,-99.1471588455866,19.3018581339001,980,1,0,STM Cablebús,t,
1598,Zona de Hospitales,0,Transbordo/Intermedia,0,0.0,CDMX,-99.1520826881746,19.2904007344833,980,2,0,STM Cablebús,t,
1599,El Caminero,0,Transbordo/Intermedia,0,0.0,CDMX,-99.1688669147895,19.2783759089616,980,3,0,STM Cablebús,t,
1600,Pedregal de las Aguilas,0,Intermedia,0,0.0,CDMX,-99.1767367265743,19.2706122354666,980,4,0,STM Cablebús,t,
1601,Cumbres de Tepetongo,0,Terminal,0,0.0,CDMX,-99.1851385013795,19.2704694148893,980,5,0,STM Cablebús,t,
1602,Francisco Goitia,0,Transbordo/Intermedia,0,0.0,CDMX,-99.1124100722234,19.2610869533072,990,1,0,STM Cablebús,t,
1603,Xochitepec,0,Intermedia,0,0.0,CDMX,-99.1247660882636,19.2558482527431,990,2,0,STM Cablebús,t,
1604,Santiago Tepalcatlalpan,0,Intermedia,0,0.0,CDMX,-99.1235492832367,19.2485024743157,990,3,0,STM Cablebús,t,
1605,Zacatepec,0,Intermedia,0,0.0,CDMX,-99.1241119041434,19.2371041096273,990,4,0,STM Cablebús,t,
1606,San Mateo Xalpa,0,Intermedia,0,0.0,CDMX,-99.119086999485,19.2280279365703,990,5,0,STM Cablebús,t,
1607,El Cedral,0,Intermedia,0,0.0,CDMX,-99.1185743402569,19.2179219705189,990,6,0,STM Cablebús,t,
1608, Tlalnepantla/Periférico Exterior,0,Terminal/Transbordo,0,0.0,CDMX,-99.1223194911525,19.1988085604354,990,7,0,STM Cablebús,t,
1609,Santiago Tepalcatlalpan,0,Intermedia,0,0.0,CDMX,-99.1235492832367,19.2485024743157,991,1,0,STM Cablebús,t,
1610,San Lucas Xochimanca,0,Intermedia,0,0.0,CDMX,-99.1124758015881,19.2409182416324,991,2,0,STM Cablebús,t,
1611,San Andrés Ahuyucan,0,Intermedia,0,0.0,CDMX,-99.1051690568689,19.2237265623922,991,3,0,STM Cablebús,t,
1612,Santa Cecilia Tepetlapa,0,Intermedia,0,0.0,CDMX,-99.0962135918649,19.2182283427477,991,4,0,STM Cablebús,t,
